,id_leaf,local_display_name_leaf,id_child,local_display_name_child,id,local_display_name
0,603391,Event Souvenirs,603014,Sports & Outdoor,,
1,604459,Furniture Accessories,604453,Furniture,,
2,600009,Festive Decorations,852488,Festive & Party Supplies,600001,Home Supplies
3,600017,Balloons,852488,Festive & Party Supplies,600001,Home Supplies
4,600019,Spray/Snow Spray,852488,Festive & Party Supplies,600001,Home Supplies
5,600029,Preserving Containers,859528,Kitchen Utensils & Gadgets,600024,Kitchenware
6,600032,Vacuum Flasks,859400,Drinkware,600024,Kitchenware
7,600033,Placemats & Coasters	,859272,Cutlery & Tableware,600024,Kitchenware
8,600036,Glasses	,859400,Drinkware,600024,Kitchenware
9,600042,Mugs,859400,Drinkware,600024,Kitchenware
10,600047,Drinkware Accessories,859400,Drinkware,600024,Kitchenware
11,600048,Water Bottles	,859400,Drinkware,600024,Kitchenware
12,600059,Lunch Boxes	,859272,Cutlery & Tableware,600024,Kitchenware
13,600060,Fruit & Vegetable Utensils,859528,Kitchen Utensils & Gadgets,600024,Kitchenware
14,600063,Chopsticks,859272,Cutlery & Tableware,600024,Kitchenware
15,600064,Plates,859272,Cutlery & Tableware,600024,Kitchenware
16,600069,Bowls,859272,Cutlery & Tableware,600024,Kitchenware
17,600070,Forks,859272,Cutlery & Tableware,600024,Kitchenware
18,600071,Tableware Sets,859272,Cutlery & Tableware,600024,Kitchenware
19,600072,Knives,859272,Cutlery & Tableware,600024,Kitchenware
20,600073,Spoons,859272,Cutlery & Tableware,600024,Kitchenware
21,600075,Bar Utensils,858888,Bar & Wine Utensils,600024,Kitchenware
22,600080,Wine Racks,858888,Bar & Wine Utensils,600024,Kitchenware
23,600081,Bar Sets,858888,Bar & Wine Utensils,600024,Kitchenware
24,600095,Cups & Saucers	,859400,Drinkware,600024,Kitchenware
25,600096,Coffee Pots,858504,Tea & Coffeeware,600024,Kitchenware
26,600100,Coffee Sets,858504,Tea & Coffeeware,600024,Kitchenware
27,600102,Milk Jugs,858504,Tea & Coffeeware,600024,Kitchenware
28,600103,Coffee-Making Tools	,858504,Tea & Coffeeware,600024,Kitchenware
29,600119,Baking Tins & Moulds,859016,Bakeware,600024,Kitchenware
30,600121,Measuring Utensils,859528,Kitchen Utensils & Gadgets,600024,Kitchenware
31,600127,Kitchen Timers,859528,Kitchen Utensils & Gadgets,600024,Kitchenware
32,600132,Meat & Poultry Utensils,859528,Kitchen Utensils & Gadgets,600024,Kitchenware
33,600135,Sieves and Colanders,859528,Kitchen Utensils & Gadgets,600024,Kitchenware
34,600139,Other,859528,Kitchen Utensils & Gadgets,600024,Kitchenware
35,600145,Kitchen Knives,858632,Kitchen Knives,600024,Kitchenware
36,600146,Pots,859144,Cookware,600024,Kitchenware
37,600148,Cooking Utensils,859528,Kitchen Utensils & Gadgets,600024,Kitchenware
38,600151,Chopping Boards,858632,Kitchen Knives,600024,Kitchenware
39,600152,Baking Utensils,859016,Bakeware,600024,Kitchenware
40,600157,Blankets & Throws,808328,Bedding,600154,Textiles & Soft Furnishings
41,600165,Sheets & Pillowcases,808328,Bedding,600154,Textiles & Soft Furnishings
42,600203,Chair Covers,809992,Household Textiles,600154,Textiles & Soft Furnishings
43,600204,Tablecloths & Runners	,809992,Household Textiles,600154,Textiles & Soft Furnishings
44,600221,"Carpets, Mats & Rugs	",809992,Household Textiles,600154,Textiles & Soft Furnishings
45,600251,Sewing Fabric Kits	,811016,Fabrics & Sewing Supplies,600154,Textiles & Soft Furnishings
46,600252,Sewing Tool Kits	,811016,Fabrics & Sewing Supplies,600154,Textiles & Soft Furnishings
47,600299,Statues & Figurines,852104,Home Decor,600001,Home Supplies
48,600321,Clocks,852104,Home Decor,600001,Home Supplies
49,600338,Wall Stickers,852104,Home Decor,600001,Home Supplies
50,600341,Photo Frames,852104,Home Decor,600001,Home Supplies
51,600347,Hooks & Shelves,852104,Home Decor,600001,Home Supplies
52,600378,Dusters/Duster Heads,852232,Household Cleaning,600001,Home Supplies
53,600396,Cleaning Gloves,852232,Household Cleaning,600001,Home Supplies
54,600401,Trash Bags,852232,Household Cleaning,600001,Home Supplies
55,600403,Bins,852232,Household Cleaning,600001,Home Supplies
56,600405,Toilet Brushes,851976,Bathroom Supplies,600001,Home Supplies
57,600406,Toilet Seat Covers,851976,Bathroom Supplies,600001,Home Supplies
58,600409,Cleaning Cloths,852232,Household Cleaning,600001,Home Supplies
59,600416,Soap Dispensers,851976,Bathroom Supplies,600001,Home Supplies
60,600417,Brooms ,852232,Household Cleaning,600001,Home Supplies
61,600418,Cleaning Brushes,852232,Household Cleaning,600001,Home Supplies
62,600423,Mops,852232,Household Cleaning,600001,Home Supplies
63,600427,Aprons,852232,Household Cleaning,600001,Home Supplies
64,600430,Bathroom Tumblers,851976,Bathroom Supplies,600001,Home Supplies
65,600436,Toothbrush Holders,851976,Bathroom Supplies,600001,Home Supplies
66,600439,Shower Curtains,851976,Bathroom Supplies,600001,Home Supplies
67,600447,Soap Dishes,851976,Bathroom Supplies,600001,Home Supplies
68,600451,Foot Basins/Foot Tubs,851976,Bathroom Supplies,600001,Home Supplies
69,600466,Pest & Weed Control,852232,Household Cleaning,600001,Home Supplies
70,600475,Formaldehyde Removers,852232,Household Cleaning,600001,Home Supplies
71,600477,Home Fragrance,852232,Household Cleaning,600001,Home Supplies
72,600569,Rain Cloths,852616,Miscellaneous Home,600001,Home Supplies
73,600570,Umbrellas,852616,Miscellaneous Home,600001,Home Supplies
74,600573,Raincoats,852616,Miscellaneous Home,600001,Home Supplies
75,600574,Rain Shoes,852616,Miscellaneous Home,600001,Home Supplies
76,600621,Storage Boxes & Bins,851848,Home Organizers,600001,Home Supplies
77,600686,Storage Baskets,851848,Home Organizers,600001,Home Supplies
78,600747,Washing Bags,852360,Laundry Products,600001,Home Supplies
79,600748,Hangers & Pegs,851848,Home Organizers,600001,Home Supplies
80,600750,Washing Lines,852360,Laundry Products,600001,Home Supplies
81,600756,Ironing Boards,852360,Laundry Products,600001,Home Supplies
82,600758,Drying Racks,852360,Laundry Products,600001,Home Supplies
83,600812,Household Cleaning Products,852232,Household Cleaning,600001,Home Supplies
84,600839,Toilet Paper & Kitchen Roll,852232,Household Cleaning,600001,Home Supplies
85,600852,Television,845064,Large Home Appliances,600942,Household Appliances
86,601090,Air Purifiers,844808,Home Appliances,600942,Household Appliances
87,601092,Humidifiers,844808,Home Appliances,600942,Household Appliances
88,601095,Heaters,844808,Home Appliances,600942,Household Appliances
89,601100,Irons,844808,Home Appliances,600942,Household Appliances
90,601102,Vacuum Cleaners,844808,Home Appliances,600942,Household Appliances
91,601104,Fans,844808,Home Appliances,600942,Household Appliances
92,601106,Household Appliance Parts,844808,Home Appliances,600942,Household Appliances
93,601107,Clothes Steamers	,844808,Home Appliances,600942,Household Appliances
94,601108,Dehumidifiers,844808,Home Appliances,600942,Household Appliances
95,601116,Electric Window Cleaners	,844808,Home Appliances,600942,Household Appliances
96,601194,Waistcoats & Gilets,839944,Men's Tops,824328,Menswear & Underwear
97,601195,Shirts,839944,Men's Tops,824328,Menswear & Underwear
98,601196,Shorts,840072,Men's Bottoms,824328,Menswear & Underwear
99,601197,Jackets & Coats,839944,Men's Tops,824328,Menswear & Underwear
100,601202,Jeans,840072,Men's Bottoms,824328,Menswear & Underwear
101,601210,Sets,840712,Men's Suits & Overalls,824328,Menswear & Underwear
102,601213,Hoodies & Jumpers,839944,Men's Tops,824328,Menswear & Underwear
103,601216,Suits,840712,Men's Suits & Overalls,824328,Menswear & Underwear
104,601218,Trousers,840072,Men's Bottoms,824328,Menswear & Underwear
105,601223,Knitwear,839944,Men's Tops,824328,Menswear & Underwear
106,601226,Tops & T-shirts,839944,Men's Tops,824328,Menswear & Underwear
107,601247,Knickers,842888,Women's Underwear,601152,Womenswear & Underwear
108,601259,Shapewear,842888,Women's Underwear,601152,Womenswear & Underwear
109,601262,Bras,842888,Women's Underwear,601152,Womenswear & Underwear
110,601264,Skirts,842376,Women's Bottoms,601152,Womenswear & Underwear
111,601265,Blouses & Shirts,842248,Women's Tops,601152,Womenswear & Underwear
112,601266,Shorts,842376,Women's Bottoms,601152,Womenswear & Underwear
113,601267,Jackets & Coats,842248,Women's Tops,601152,Womenswear & Underwear
114,601270,Wedding Dresses,842504,Women's Dresses,601152,Womenswear & Underwear
115,601271,Formal Dresses,842504,Women's Dresses,601152,Womenswear & Underwear
116,601274,Leggings,842376,Women's Bottoms,601152,Womenswear & Underwear
117,601276,Jeans,842376,Women's Bottoms,601152,Womenswear & Underwear
118,601277,Trousers,842376,Women's Bottoms,601152,Womenswear & Underwear
119,601280,Overalls,842760,Women's Suits & Overalls,601152,Womenswear & Underwear
120,601281,Casual Dresses,842504,Women's Dresses,601152,Womenswear & Underwear
121,601282,Vests,842248,Women's Tops,601152,Womenswear & Underwear
122,601284,Knitwear,842248,Women's Tops,601152,Womenswear & Underwear
123,601291,Sets,842760,Women's Suits & Overalls,601152,Womenswear & Underwear
124,601295,Hoodies & Jumpers,842248,Women's Tops,601152,Womenswear & Underwear
125,601296,Suits,842760,Women's Suits & Overalls,601152,Womenswear & Underwear
126,601302,Tops & T-shirts,842248,Women's Tops,601152,Womenswear & Underwear
127,601357, Trainers,900616,Men's Shoes,601352,Shoes
128,601364, Sandals & Flip Flops,900616,Men's Shoes,601352,Shoes
129,601366, Insoles & Heel Liners,900744,Shoe Accessories,601352,Shoes
130,601369, Oxford,900616,Men's Shoes,601352,Shoes
131,601374,Slippers,900616,Men's Shoes,601352,Shoes
132,601376, Boots,900616,Men's Shoes,601352,Shoes
133,601387, Oxfords,900488,Women's Shoes,601352,Shoes
134,601396, Heels,900488,Women's Shoes,601352,Shoes
135,601405, Slippers,900488,Women's Shoes,601352,Shoes
136,601409,Boots,900488,Women's Shoes,601352,Shoes
137,601417, Laptop Bags,902792,Functional Bags,824584,Luggage & Bags
138,601419,Travel Bags,902664,Luggage & Travel Bags,824584,Luggage & Bags
139,601429, Crossbody & Shoulder Bags,902536,Men's Bags,824584,Luggage & Bags
140,601430, Wallets,902536,Men's Bags,824584,Luggage & Bags
141,601431, Clutches,902536,Men's Bags,824584,Luggage & Bags
142,601432, Backpacks,902536,Men's Bags,824584,Luggage & Bags
143,601439, Crossbody & Shoulder Bags,902408,Women's Bags,824584,Luggage & Bags
144,601440,Make-up Bags,902792,Functional Bags,824584,Luggage & Bags
145,601441,Wallets,902408,Women's Bags,824584,Luggage & Bags
146,601444, Clutches & Wristlets ,902408,Women's Bags,824584,Luggage & Bags
147,601445,Handbags,902408,Women's Bags,824584,Luggage & Bags
148,601446,Backpacks,902408,Women's Bags,824584,Luggage & Bags
149,601449, Luggage Accessories,902664,Luggage & Travel Bags,824584,Luggage & Bags
150,601454,Hand & Foot Masks	,849032,"Hand, Foot & Nail Care",601450,Beauty & Personal Care
151,601456,Foot Odour Control	,849032,"Hand, Foot & Nail Care",601450,Beauty & Personal Care
152,601469,Shampoo & Conditioner	,848904,Hair Care & Styling,601450,Beauty & Personal Care
153,601476,Feminine Hygiene	,849800,Feminine Care ,601450,Beauty & Personal Care
154,601477,Sanitary Towels	,849800,Feminine Care ,601450,Beauty & Personal Care
155,601480,"Hand Lotions, Creams & Scrubs	",849032,"Hand, Foot & Nail Care",601450,Beauty & Personal Care
156,601490,Body Care Kits,849160,Bath & Body Care,601450,Beauty & Personal Care
157,601492,Body Creams & Lotions	,849160,Bath & Body Care,601450,Beauty & Personal Care
158,601493,Body Wash & Soap,849160,Bath & Body Care,601450,Beauty & Personal Care
159,601494,Talcum Powder,849160,Bath & Body Care,601450,Beauty & Personal Care
160,601495,Hair Removal Cream & Wax	,849160,Bath & Body Care,601450,Beauty & Personal Care
161,601498,Deodorants	,849160,Bath & Body Care,601450,Beauty & Personal Care
162,601506,Body Scrubs & Peels	,849160,Bath & Body Care,601450,Beauty & Personal Care
163,601508,Hand Wash	,849032,"Hand, Foot & Nail Care",601450,Beauty & Personal Care
164,601511,Breast Care ,849160,Bath & Body Care,601450,Beauty & Personal Care
165,601513,Mousse & Gel,848904,Hair Care & Styling,601450,Beauty & Personal Care
166,601516,Hair Dye	,848904,Hair Care & Styling,601450,Beauty & Personal Care
167,601520,Bath & Body Care	,849288,Men's Care,601450,Beauty & Personal Care
168,601529,Makeup Sets	,848648,Makeup & Perfume,601450,Beauty & Personal Care
169,601534,Lipstick & Lip Gloss	,848648,Makeup & Perfume,601450,Beauty & Personal Care
170,601537,Makeup Tools	,848648,Makeup & Perfume,601450,Beauty & Personal Care
171,601550,Blemish Balm and Colour Control	,848648,Makeup & Perfume,601450,Beauty & Personal Care
172,601552,Makeup Fixer Spray,848648,Makeup & Perfume,601450,Beauty & Personal Care
173,601554,Concealer & Foundation	,848648,Makeup & Perfume,601450,Beauty & Personal Care
174,601555,Bronzer & Highlighter	,848648,Makeup & Perfume,601450,Beauty & Personal Care
175,601556,Makeup Base and Primers	,848648,Makeup & Perfume,601450,Beauty & Personal Care
176,601558,Powder	,848648,Makeup & Perfume,601450,Beauty & Personal Care
177,601560,Blusher	,848648,Makeup & Perfume,601450,Beauty & Personal Care
178,601565,Makeup,849288,Men's Care,601450,Beauty & Personal Care
179,601582,Body Makeup,848648,Makeup & Perfume,601450,Beauty & Personal Care
180,601583,Perfume	,848648,Makeup & Perfume,601450,Beauty & Personal Care
181,601585,Mascara,848648,Makeup & Perfume,601450,Beauty & Personal Care
182,601586,Eyebrow Pencils/Powder/Paste,848648,Makeup & Perfume,601450,Beauty & Personal Care
183,601587,Eyeliner & Lipliner	,848648,Makeup & Perfume,601450,Beauty & Personal Care
184,601588,Eyeshadow,848648,Makeup & Perfume,601450,Beauty & Personal Care
185,601595,Lip Treatments	,848776,Skincare,601450,Beauty & Personal Care
186,601602,Facial Sunscreen & Sun Care	,848776,Skincare,601450,Beauty & Personal Care
187,601608,Toners	,848776,Skincare,601450,Beauty & Personal Care
188,601609,Facial Cleansers	,848776,Skincare,601450,Beauty & Personal Care
189,601610,Facial Massage Cream,848776,Skincare,601450,Beauty & Personal Care
190,601611,Skin Care Kits,848776,Skincare,601450,Beauty & Personal Care
191,601613,Face Scrubs & Peels	,848776,Skincare,601450,Beauty & Personal Care
192,601615,Moisturisers & Mists	,848776,Skincare,601450,Beauty & Personal Care
193,601616,Face Masks	,848776,Skincare,601450,Beauty & Personal Care
194,601618,Makeup Remover	,848648,Makeup & Perfume,601450,Beauty & Personal Care
195,601619,Serums & Essences	,848776,Skincare,601450,Beauty & Personal Care
196,601627,Skincare	,849288,Men's Care,601450,Beauty & Personal Care
197,601644,Shaving Foam & Aftershave	,849288,Men's Care,601450,Beauty & Personal Care
198,601646,Eye Treatments	,848776,Skincare,601450,Beauty & Personal Care
199,601653,Nasal Treatment,848776,Skincare,601450,Beauty & Personal Care
200,601660,Massage Devices	,849416,Personal Care Appliances,601450,Beauty & Personal Care
201,601664,Body Beauty Devices	,849416,Personal Care Appliances,601450,Beauty & Personal Care
202,601669,Electric Eyebrow Shapers,849416,Personal Care Appliances,601450,Beauty & Personal Care
203,601672,Facial Beauty Devices	,849416,Personal Care Appliances,601450,Beauty & Personal Care
204,601677,Accessories	,849416,Personal Care Appliances,601450,Beauty & Personal Care
205,601681,Hair Care	,849288,Men's Care,601450,Beauty & Personal Care
206,601686,Body Shaping Products,849160,Bath & Body Care,601450,Beauty & Personal Care
207,601690,Teeth Whitening	,849672,Nasal & Oral Care,601450,Beauty & Personal Care
208,601692,Oral Care Kits,849672,Nasal & Oral Care,601450,Beauty & Personal Care
209,601693,Oral Spray,849672,Nasal & Oral Care,601450,Beauty & Personal Care
210,601694,Mouthwash,849672,Nasal & Oral Care,601450,Beauty & Personal Care
211,601696,Toothpastes,849672,Nasal & Oral Care,601450,Beauty & Personal Care
212,601697,Toothbrushes	,849672,Nasal & Oral Care,601450,Beauty & Personal Care
213,601698,Dental Floss	,849672,Nasal & Oral Care,601450,Beauty & Personal Care
214,601733,Skincare Tools	,848776,Skincare,601450,Beauty & Personal Care
215,601737,Sleep Masks	,849544,Eye & Ear Care,601450,Beauty & Personal Care
216,601756,Laptops,824840,"Desktop Computers, Laptops & Tablets",601755,Computers & Office Equipment
217,601760,Keyboards & Mice	,826760,Peripherals & Accessories,601755,Computers & Office Equipment
218,601783,Monitors,825352,Desktop & Laptop Components,601755,Computers & Office Equipment
219,601836,Desktop Computers	,824840,"Desktop Computers, Laptops & Tablets",601755,Computers & Office Equipment
220,601893, Camera Accessories,909192,Cameras & Photography,601739,Phones & Electronics
221,601925," Cases , Screen Protectors & Stickers",909064,Phones & Accessories,601739,Phones & Electronics
222,601927, Phone Batteries,909064,Phones & Accessories,601739,Phones & Electronics
223,601936, Phone Straps & Charms,909064,Phones & Accessories,601739,Phones & Electronics
224,601937," Cables, Chargers & Adapters",909064,Phones & Accessories,601739,Phones & Electronics
225,601990, Earphones & Headphones,909320,Audio & Video,601739,Phones & Electronics
226,602029,Speakers,909320,Audio & Video,601739,Phones & Electronics
227,602080, Wearable Accessories,909576,Smart & Wearable Devices,601739,Phones & Electronics
228,602083,Smart Watches,909576,Smart & Wearable Devices,601739,Phones & Electronics
229,602097, Mobile Phones,909064,Phones & Accessories,601739,Phones & Electronics
230,602296,Baby Skincare	,879112,Nappies & Baby Care,602284,Baby and Maternity
231,602301,Baby Jewelry ,877320,Baby Clothing & Shoes,602284,Baby and Maternity
232,602317,Hair Care & Body Wash	,879112,Nappies & Baby Care,602284,Baby and Maternity
233,602532,Safety Locks & Straps	,878600,Baby Safety,602284,Baby and Maternity
234,602533,Electric Shock Protection,878600,Baby Safety,602284,Baby and Maternity
235,602534,Edge & Corner Guards	,878600,Baby Safety,602284,Baby and Maternity
236,602536,Bed Rails & Guards	,878600,Baby Safety,602284,Baby and Maternity
237,602538,Monitors	,878600,Baby Safety,602284,Baby and Maternity
238,602608,Baby Hair Trimmers,879112,Nappies & Baby Care,602284,Baby and Maternity
239,602622,Baby Hair Dryers,879112,Nappies & Baby Care,602284,Baby and Maternity
240,602672,Baby Hand Sanitizer,879112,Nappies & Baby Care,602284,Baby and Maternity
241,602673,Laundry Detergent	,879112,Nappies & Baby Care,602284,Baby and Maternity
242,602676,Nasal & Oral Care	,879112,Nappies & Baby Care,602284,Baby and Maternity
243,602678,Baby Clothes Sterilizers,879112,Nappies & Baby Care,602284,Baby and Maternity
244,602707,Food Processors	,877832,Nursing & Feeding,602284,Baby and Maternity
245,602734,Mattresses & Bedding	,878216,Baby Furniture,602284,Baby and Maternity
246,602760,Bouncers & Rockers	,878216,Baby Furniture,602284,Baby and Maternity
247,602761,Cots & Beds	,878216,Baby Furniture,602284,Baby and Maternity
248,602787,Shoes	,877320,Baby Clothing & Shoes,602284,Baby and Maternity
249,603002,Writing & Correction Tools	,831112,Office Stationery & Supplies,601755,Computers & Office Equipment
250,603041,Football,834952,Ball Sports,603014,Sports & Outdoor
251,603042,Jerseys,834568,Sport & Outdoor Clothing,603014,Sports & Outdoor
252,603065,Badminton,834952,Ball Sports,603014,Sports & Outdoor
253,603084,Yoga & Pilates,835592,Leisure & Fitness Sports,603014,Sports & Outdoor
254,603131,Surfing,835080,Water Sports,603014,Sports & Outdoor
255,603171,Dance Shoes,834696,Sports Footwear,603014,Sports & Outdoor
256,603221,Tennis,834952,Ball Sports,603014,Sports & Outdoor
257,603247,Track & Field,835592,Leisure & Fitness Sports,603014,Sports & Outdoor
258,603288,Boxing & Martial Arts,835592,Leisure & Fitness Sports,603014,Sports & Outdoor
259,603295,Judo,835592,Leisure & Fitness Sports,603014,Sports & Outdoor
260,603301,Wrestling,835592,Leisure & Fitness Sports,603014,Sports & Outdoor
261,603304,Nunchucks,835592,Leisure & Fitness Sports,603014,Sports & Outdoor
262,603317,Taekwondo,835592,Leisure & Fitness Sports,603014,Sports & Outdoor
263,603331,Billiards,834952,Ball Sports,603014,Sports & Outdoor
264,603353,Hula Hoops,835336,Fitness Equipment,603014,Sports & Outdoor
265,603355,Ab Training,835336,Fitness Equipment,603014,Sports & Outdoor
266,603358,Gym Balls,835336,Fitness Equipment,603014,Sports & Outdoor
267,603366,Pedometers,834824,Sports & Outdoor Accessories,603014,Sports & Outdoor
268,603375,Skipping Ropes,835336,Fitness Equipment,603014,Sports & Outdoor
269,603389,Archery,835592,Leisure & Fitness Sports,603014,Sports & Outdoor
270,603396,Table Tennis,834952,Ball Sports,603014,Sports & Outdoor
271,603437,Volleyball,834952,Ball Sports,603014,Sports & Outdoor
272,603477,Horse Riding,835592,Leisure & Fitness Sports,603014,Sports & Outdoor
273,603493,Skateboarding,835592,Leisure & Fitness Sports,603014,Sports & Outdoor
274,603524,Basketball,834952,Ball Sports,603014,Sports & Outdoor
275,603573,Golf ,834952,Ball Sports,603014,Sports & Outdoor
276,603579,Golf Shoes,834696,Sports Footwear,603014,Sports & Outdoor
277,603605,Darts,835592,Leisure & Fitness Sports,603014,Sports & Outdoor
278,603625,Ice Hockey,835208,Winter Sports,603014,Sports & Outdoor
279,603641,Squash,834952,Ball Sports,603014,Sports & Outdoor
280,603646,Bowling,834952,Ball Sports,603014,Sports & Outdoor
281,603652,Baseball & Softball,834952,Ball Sports,603014,Sports & Outdoor
282,603654,Sports & Outdoor Hats,834824,Sports & Outdoor Accessories,603014,Sports & Outdoor
283,603682,Sports Bags,834824,Sports & Outdoor Accessories,603014,Sports & Outdoor
284,603704,Joggers,834568,Sport & Outdoor Clothing,603014,Sports & Outdoor
285,603705,Tracksuits,834568,Sport & Outdoor Clothing,603014,Sports & Outdoor
286,603706,Sports Outerwear,834568,Sport & Outdoor Clothing,603014,Sports & Outdoor
287,603729,Sports Bras,834568,Sport & Outdoor Clothing,603014,Sports & Outdoor
288,603744,Baseball Shoes,834696,Sports Footwear,603014,Sports & Outdoor
289,603748,Basketball Shoes,834696,Sports Footwear,603014,Sports & Outdoor
290,603750,Volleyball Shoes,834696,Sports Footwear,603014,Sports & Outdoor
291,603751,Running Shoes,834696,Sports Footwear,603014,Sports & Outdoor
292,603753,Other Sports Shoes,834696,Sports Footwear,603014,Sports & Outdoor
293,603755,Tennis Shoes,834696,Sports Footwear,603014,Sports & Outdoor
294,603758,Badminton Shoes,834696,Sports Footwear,603014,Sports & Outdoor
295,603760,Football Boots,834696,Sports Footwear,603014,Sports & Outdoor
296,603818,Fishing,835592,Leisure & Fitness Sports,603014,Sports & Outdoor
297,603835,Knives & Survival Kits,835464,Camping & Hiking,603014,Sports & Outdoor
298,603856,Hiking Shoes,834696,Sports Footwear,603014,Sports & Outdoor
299,603872,Protective Gear,834824,Sports & Outdoor Accessories,603014,Sports & Outdoor
300,603917,Camping Cookware,835464,Camping & Hiking,603014,Sports & Outdoor
301,603952,Hammocks,835464,Camping & Hiking,603014,Sports & Outdoor
302,603970,Camping Lighting,835464,Camping & Hiking,603014,Sports & Outdoor
303,604054,Sleeping Bags & Bedding,835464,Camping & Hiking,603014,Sports & Outdoor
304,604059,Compasses,835464,Camping & Hiking,603014,Sports & Outdoor
305,604065,Binoculars & Telescopes,835464,Camping & Hiking,603014,Sports & Outdoor
306,604390,Doll Accessories	,859656,Dolls & Stuffed Toys,604206,Toys & Musical Instruments
307,604468,Sofas	,871048,Indoor Furniture,604453,Furniture
308,604497,Shelves/Racks,871048,Indoor Furniture,604453,Furniture
309,605201,Decoration,930184,Car Interior Accessories,605196,Vehicle Supplies
310,605213,Stowing & Tidying,930184,Car Interior Accessories,605196,Vehicle Supplies
311,605219,Anti-Slip Mats,930184,Car Interior Accessories,605196,Vehicle Supplies
312,605242,Sunshades,930056,Car Exterior Accessories,605196,Vehicle Supplies
313,605251,Men's Watches,905480,Watches & Accessories,605248,Fashion Accessories
314,605254,Women's Watches,905480,Watches & Accessories,605248,Fashion Accessories
315,605257, Couple Watches,905480,Watches & Accessories,605248,Fashion Accessories
316,605268,Earrings,905608,Jewellery & Accessories,605248,Fashion Accessories
317,605271, Headbands,905864,Hair Accessories,605248,Fashion Accessories
318,605272,Anklets,905608,Jewellery & Accessories,605248,Fashion Accessories
319,605273,Rings,905608,Jewellery & Accessories,605248,Fashion Accessories
320,605274, Bracelets & Bangles,905608,Jewellery & Accessories,605248,Fashion Accessories
321,605280,Necklaces,905608,Jewellery & Accessories,605248,Fashion Accessories
322,605281,Brooches,905224,Clothes Accessories,605248,Fashion Accessories
323,605289,Accessory Sets,905224,Clothes Accessories,605248,Fashion Accessories
324,605302, Frames & Glasses,905352,Eyewear,605248,Fashion Accessories
325,605304,Sunglasses,905352,Eyewear,605248,Fashion Accessories
326,700652,Quilts,808328,Bedding,600154,Textiles & Soft Furnishings
327,700653,Pillows,808328,Bedding,600154,Textiles & Soft Furnishings
328,700654,Artificial Flowers,852104,Home Decor,600001,Home Supplies
329,700655,Vases,852104,Home Decor,600001,Home Supplies
330,700656,Decorative Painting,852104,Home Decor,600001,Home Supplies
331,700661,Cushions & Cushion Covers	,809992,Household Textiles,600154,Textiles & Soft Furnishings
332,700662,Heat Pads,852616,Miscellaneous Home,600001,Home Supplies
333,700665,Dust Covers,852232,Household Cleaning,600001,Home Supplies
334,700684,Car Mats,930184,Car Interior Accessories,605196,Vehicle Supplies
335,700694,Bodysuits & One-pieces,877320,Baby Clothing & Shoes,602284,Baby and Maternity
336,700698,Play House Toys,859912,Sports & Outdoor Play,604206,Toys & Musical Instruments
337,700699,Stuffed Toys	,859656,Dolls & Stuffed Toys,604206,Toys & Musical Instruments
338,700700,Model & Toy Vehicles	,860296,Classic & Novelty Toys,604206,Toys & Musical Instruments
339,700704,Baby Bottles	,877832,Nursing & Feeding,602284,Baby and Maternity
340,700705,Prams and Pushchairs	,877576,Baby Travel Essentials,602284,Baby and Maternity
341,700706,High Chairs	,878216,Baby Furniture,602284,Baby and Maternity
342,700707,Baby Utensils	,877832,Nursing & Feeding,602284,Baby and Maternity
343,700718,Maternity Clothing,880008,Maternity Supplies,602284,Baby and Maternity
344,700740,Indoor Recreation,835592,Leisure & Fitness Sports,603014,Sports & Outdoor
345,700741,Fencing,835592,Leisure & Fitness Sports,603014,Sports & Outdoor
346,700751,Swimwear,834568,Sport & Outdoor Clothing,603014,Sports & Outdoor
347,700779,Skiing,835208,Winter Sports,603014,Sports & Outdoor
348,700781,Diving,835080,Water Sports,603014,Sports & Outdoor
349,700782,Tents & Accessories,835464,Camping & Hiking,603014,Sports & Outdoor
350,700785,Manual Massage Tools,849160,Bath & Body Care,601450,Beauty & Personal Care
351,700789,Heatless Styling Tools,848904,Hair Care & Styling,601450,Beauty & Personal Care
352,700790,Manicure & Pedicure Tools	,849032,"Hand, Foot & Nail Care",601450,Beauty & Personal Care
353,700791,Razors	,849288,Men's Care,601450,Beauty & Personal Care
354,700795, Watch Accessories,905480,Watches & Accessories,605248,Fashion Accessories
355,802440,Costumes,802312,Boys' Clothes,802184,Kids' Fashion
356,802568,Underwear,802312,Boys' Clothes,802184,Kids' Fashion
357,802696,Nightwear,802312,Boys' Clothes,802184,Kids' Fashion
358,802824,Swimwear,802312,Boys' Clothes,802184,Kids' Fashion
359,802952,Tops,802312,Boys' Clothes,802184,Kids' Fashion
360,803080,Coats & Jackets,802312,Boys' Clothes,802184,Kids' Fashion
361,803208,Bottoms,802312,Boys' Clothes,802184,Kids' Fashion
362,803336,Suits & Sets,802312,Boys' Clothes,802184,Kids' Fashion
363,803464,Socks,802312,Boys' Clothes,802184,Kids' Fashion
364,803720,Costumes,803592,Girls' Clothes,802184,Kids' Fashion
365,803848,Underwear,803592,Girls' Clothes,802184,Kids' Fashion
366,803976,Nightwear,803592,Girls' Clothes,802184,Kids' Fashion
367,804104,Swimwear,803592,Girls' Clothes,802184,Kids' Fashion
368,804232,Tops,803592,Girls' Clothes,802184,Kids' Fashion
369,804360,Coats & Jackets,803592,Girls' Clothes,802184,Kids' Fashion
370,804488,Bottoms,803592,Girls' Clothes,802184,Kids' Fashion
371,804616,Suits & Sets,803592,Girls' Clothes,802184,Kids' Fashion
372,804744,Dresses,803592,Girls' Clothes,802184,Kids' Fashion
373,804872,Skirts,803592,Girls' Clothes,802184,Kids' Fashion
374,805000,Socks,803592,Girls' Clothes,802184,Kids' Fashion
375,805256,Boots,805128,Boys' Footwear,802184,Kids' Fashion
376,805384,Sandals,805128,Boys' Footwear,802184,Kids' Fashion
377,805512,Trainers,805128,Boys' Footwear,802184,Kids' Fashion
378,805640,Slippers,805128,Boys' Footwear,802184,Kids' Fashion
379,805768,Formal Shoes,805128,Boys' Footwear,802184,Kids' Fashion
380,805896,Flat Shoes,805128,Boys' Footwear,802184,Kids' Fashion
381,806152,Boots,806024,Girls' Footwear,802184,Kids' Fashion
382,806280,Sandals,806024,Girls' Footwear,802184,Kids' Fashion
383,806408,Trainers,806024,Girls' Footwear,802184,Kids' Fashion
384,806536,Slippers,806024,Girls' Footwear,802184,Kids' Fashion
385,806664,Flat Shoes,806024,Girls' Footwear,802184,Kids' Fashion
386,806920,Bags & Luggage,806792,Kids' Fashion Accessories,802184,Kids' Fashion
387,807048,Headwear,806792,Kids' Fashion Accessories,802184,Kids' Fashion
388,807176,Eyewear,806792,Kids' Fashion Accessories,802184,Kids' Fashion
389,807304,Hair Accessories,806792,Kids' Fashion Accessories,802184,Kids' Fashion
390,807432,Gloves,806792,Kids' Fashion Accessories,802184,Kids' Fashion
391,807560,Belts,806792,Kids' Fashion Accessories,802184,Kids' Fashion
392,807688,Scarves,806792,Kids' Fashion Accessories,802184,Kids' Fashion
393,807816,Watches,806792,Kids' Fashion Accessories,802184,Kids' Fashion
394,807944,Jewellery,806792,Kids' Fashion Accessories,802184,Kids' Fashion
395,808072,Earmuffs,806792,Kids' Fashion Accessories,802184,Kids' Fashion
396,808584,Bedding Sets,808328,Bedding,600154,Textiles & Soft Furnishings
397,808840,Duvets,808328,Bedding,600154,Textiles & Soft Furnishings
398,809096,Bedspreads,808328,Bedding,600154,Textiles & Soft Furnishings
399,809352,Bed Skirts,808328,Bedding,600154,Textiles & Soft Furnishings
400,809480,Mattress Pads & Toppers,808328,Bedding,600154,Textiles & Soft Furnishings
401,809608,Duvet Covers,808328,Bedding,600154,Textiles & Soft Furnishings
402,809736,Mosquito Nets,808328,Bedding,600154,Textiles & Soft Furnishings
403,809864,Kids' Bedding,808328,Bedding,600154,Textiles & Soft Furnishings
404,810376,Sofa Covers,809992,Household Textiles,600154,Textiles & Soft Furnishings
405,810504,Curtains,809992,Household Textiles,600154,Textiles & Soft Furnishings
406,810888,Towels,809992,Household Textiles,600154,Textiles & Soft Furnishings
407,811144,Textiles & Fabrics,811016,Fabrics & Sewing Supplies,600154,Textiles & Soft Furnishings
408,811528,Sewing Accessories & Haberdashery,811016,Fabrics & Sewing Supplies,600154,Textiles & Soft Furnishings
409,811656,Sewing Machines,811016,Fabrics & Sewing Supplies,600154,Textiles & Soft Furnishings
410,811784,Thread,811016,Fabrics & Sewing Supplies,600154,Textiles & Soft Furnishings
411,811912,Needles,811016,Fabrics & Sewing Supplies,600154,Textiles & Soft Furnishings
412,812936,"Beds, Sofas & Mats",812808,Dog & Cat Furniture,602118,Pet Supplies
413,813064,Houses,812808,Dog & Cat Furniture,602118,Pet Supplies
414,813192,Cages & Crates,812808,Dog & Cat Furniture,602118,Pet Supplies
415,813320,Scratching Pads & Posts,812808,Dog & Cat Furniture,602118,Pet Supplies
416,813448,Cat Hammocks ,812808,Dog & Cat Furniture,602118,Pet Supplies
417,813576,Cat & Dog Flaps,812808,Dog & Cat Furniture,602118,Pet Supplies
418,813704,Stairs & Ramps,812808,Dog & Cat Furniture,602118,Pet Supplies
419,813832,Playpens,812808,Dog & Cat Furniture,602118,Pet Supplies
420,814088,Coats,813960,Dog & Cat Clothing,602118,Pet Supplies
421,814216,Shirts,813960,Dog & Cat Clothing,602118,Pet Supplies
422,814344,Jumpers & Hoodies,813960,Dog & Cat Clothing,602118,Pet Supplies
423,814472,Lifejackets,813960,Dog & Cat Clothing,602118,Pet Supplies
424,814600,Dresses,813960,Dog & Cat Clothing,602118,Pet Supplies
425,814728,Raincoats,813960,Dog & Cat Clothing,602118,Pet Supplies
426,814856,Boots & Paw Protectors,813960,Dog & Cat Clothing,602118,Pet Supplies
427,814984,Neck Accessories,813960,Dog & Cat Clothing,602118,Pet Supplies
428,815112,Eyewear,813960,Dog & Cat Clothing,602118,Pet Supplies
429,815240,Hair Accessories,813960,Dog & Cat Clothing,602118,Pet Supplies
430,815368,Hats,813960,Dog & Cat Clothing,602118,Pet Supplies
431,815496,Costumes,813960,Dog & Cat Clothing,602118,Pet Supplies
432,815752,Litter Trays & Boxes,815624,Dog & Cat Litter,602118,Pet Supplies
433,815880,"Diapers, Pads & Trays",815624,Dog & Cat Litter,602118,Pet Supplies
434,816008,Poop Bags & Scoopers,815624,Dog & Cat Litter,602118,Pet Supplies
435,816136,Odour & Stain Removers,815624,Dog & Cat Litter,602118,Pet Supplies
436,816264,Urine Detectors,815624,Dog & Cat Litter,602118,Pet Supplies
437,816520,Shampoos & Conditioners,816392,Dog & Cat Grooming,602118,Pet Supplies
438,816648,Bath Accessories,816392,Dog & Cat Grooming,602118,Pet Supplies
439,816776,Combs & Brushes,816392,Dog & Cat Grooming,602118,Pet Supplies
440,816904,Hair Dryers,816392,Dog & Cat Grooming,602118,Pet Supplies
441,817032,Grooming Wipes,816392,Dog & Cat Grooming,602118,Pet Supplies
442,817160,Grooming Scissors,816392,Dog & Cat Grooming,602118,Pet Supplies
443,817288,Grooming Clippers,816392,Dog & Cat Grooming,602118,Pet Supplies
444,817544,Claw Care,816392,Dog & Cat Grooming,602118,Pet Supplies
445,817672,Ear Care,816392,Dog & Cat Grooming,602118,Pet Supplies
446,817800,Oral Care,816392,Dog & Cat Grooming,602118,Pet Supplies
447,817928,Eye Care,816392,Dog & Cat Grooming,602118,Pet Supplies
448,818056,Hair Removal Products,816392,Dog & Cat Grooming,602118,Pet Supplies
449,818824,"Collars, Harnesses & Leads",818696,Dog & Cat Accessories,602118,Pet Supplies
450,818952,Training & Behaviour Aids,818696,Dog & Cat Accessories,602118,Pet Supplies
451,819080,Dog Toys,818696,Dog & Cat Accessories,602118,Pet Supplies
452,819208,Cat Toys,818696,Dog & Cat Accessories,602118,Pet Supplies
453,819336,Feeding Supplies,818696,Dog & Cat Accessories,602118,Pet Supplies
454,819464,Carriers ,818696,Dog & Cat Accessories,602118,Pet Supplies
455,819592,Memorials,818696,Dog & Cat Accessories,602118,Pet Supplies
456,819720,Cameras & Monitors,818696,Dog & Cat Accessories,602118,Pet Supplies
457,819976,Decorations,819848,Fish & Aquatic Supplies,602118,Pet Supplies
458,820104,Lighting,819848,Fish & Aquatic Supplies,602118,Pet Supplies
459,820232,Aquariums & Tanks,819848,Fish & Aquatic Supplies,602118,Pet Supplies
460,820360,Temperature Control ,819848,Fish & Aquatic Supplies,602118,Pet Supplies
461,820488,Water Treatment,819848,Fish & Aquatic Supplies,602118,Pet Supplies
462,820616,Pumps & Filters,819848,Fish & Aquatic Supplies,602118,Pet Supplies
463,820744,Cleaning Tools,819848,Fish & Aquatic Supplies,602118,Pet Supplies
464,820872,Feeding Tools,819848,Fish & Aquatic Supplies,602118,Pet Supplies
465,821128,Decorations,821000,Reptile & Amphibian Supplies,602118,Pet Supplies
466,821256,Terrariums,821000,Reptile & Amphibian Supplies,602118,Pet Supplies
467,821384,Cleaning Tools,821000,Reptile & Amphibian Supplies,602118,Pet Supplies
468,821512,Temperature Products,821000,Reptile & Amphibian Supplies,602118,Pet Supplies
469,821640,Lighting,821000,Reptile & Amphibian Supplies,602118,Pet Supplies
470,821768,Feeding Tools,821000,Reptile & Amphibian Supplies,602118,Pet Supplies
471,822024,Cages & Accessories,821896,Bird Supplies,602118,Pet Supplies
472,822152,Grooming Supplies,821896,Bird Supplies,602118,Pet Supplies
473,822280,Toys,821896,Bird Supplies,602118,Pet Supplies
474,822408,Swings & Perches,821896,Bird Supplies,602118,Pet Supplies
475,822536,Training Aids,821896,Bird Supplies,602118,Pet Supplies
476,822664,Feeding Tools,821896,Bird Supplies,602118,Pet Supplies
477,822920,Houses & Habitats,822792,Small Animal Supplies,602118,Pet Supplies
478,823048,Toys,822792,Small Animal Supplies,602118,Pet Supplies
479,823176,"Collars, Harnesses & Leads",822792,Small Animal Supplies,602118,Pet Supplies
480,823304,Feeding Supplies,822792,Small Animal Supplies,602118,Pet Supplies
481,823432,Exercise Wheels,822792,Small Animal Supplies,602118,Pet Supplies
482,823560,Grooming Supplies,822792,Small Animal Supplies,602118,Pet Supplies
483,823688,Carriers,822792,Small Animal Supplies,602118,Pet Supplies
484,823816,Health Supplies,822792,Small Animal Supplies,602118,Pet Supplies
485,823944,Odor & Stain Removers,822792,Small Animal Supplies,602118,Pet Supplies
486,825224,Tablets,824840,"Desktop Computers, Laptops & Tablets",601755,Computers & Office Equipment
487,825480,Fans & Heatsinks,825352,Desktop & Laptop Components,601755,Computers & Office Equipment
488,825608,Processors,825352,Desktop & Laptop Components,601755,Computers & Office Equipment
489,825736,Motherboards,825352,Desktop & Laptop Components,601755,Computers & Office Equipment
490,825864,Graphics Cards,825352,Desktop & Laptop Components,601755,Computers & Office Equipment
491,825992,Power Supply Units,825352,Desktop & Laptop Components,601755,Computers & Office Equipment
492,826120,RAM,825352,Desktop & Laptop Components,601755,Computers & Office Equipment
493,826248,UPS & Stabilizers,825352,Desktop & Laptop Components,601755,Computers & Office Equipment
494,826376,PC Cases,825352,Desktop & Laptop Components,601755,Computers & Office Equipment
495,826504,Optical Drives,825352,Desktop & Laptop Components,601755,Computers & Office Equipment
496,826632,Sound Cards,825352,Desktop & Laptop Components,601755,Computers & Office Equipment
497,827016,USB Hubs & Card Readers,826760,Peripherals & Accessories,601755,Computers & Office Equipment
498,827144,Webcams,826760,Peripherals & Accessories,601755,Computers & Office Equipment
499,827272,Laptop Covers & Cases,826760,Peripherals & Accessories,601755,Computers & Office Equipment
500,827400,Cooling Pads,826760,Peripherals & Accessories,601755,Computers & Office Equipment
501,827528,Laptop Stands & Trays,826760,Peripherals & Accessories,601755,Computers & Office Equipment
502,827656,Keyboard & Trackpad Covers,826760,Peripherals & Accessories,601755,Computers & Office Equipment
503,827784,Laptop Batteries,826760,Peripherals & Accessories,601755,Computers & Office Equipment
504,827912,Laptop Chargers & Adaptors,826760,Peripherals & Accessories,601755,Computers & Office Equipment
505,828040,Mouse Pads,826760,Peripherals & Accessories,601755,Computers & Office Equipment
506,828296,Hard Drives,828168,Data Storage & Software,601755,Computers & Office Equipment
507,828424,SSD,828168,Data Storage & Software,601755,Computers & Office Equipment
508,828552,Network Attached Storage (NAS),828168,Data Storage & Software,601755,Computers & Office Equipment
509,828680,Flash Drives & OTG Cables,828168,Data Storage & Software,601755,Computers & Office Equipment
510,828808,Hard Disk Enclosures & Docking Stations,828168,Data Storage & Software,601755,Computers & Office Equipment
511,828936,Compact Discs,828168,Data Storage & Software,601755,Computers & Office Equipment
512,829320,Modems & Wireless Routers,829192,Network Components,601755,Computers & Office Equipment
513,829448,Repeaters,829192,Network Components,601755,Computers & Office Equipment
514,829576,Wireless Adapters & Network Cards,829192,Network Components,601755,Computers & Office Equipment
515,829704,Powerline Adapters,829192,Network Components,601755,Computers & Office Equipment
516,829832,Network Switches & PoE,829192,Network Components,601755,Computers & Office Equipment
517,829960,Network Cables & Connectors,829192,Network Components,601755,Computers & Office Equipment
518,830088,KVM Switches,829192,Network Components,601755,Computers & Office Equipment
519,830216,Print Servers,829192,Network Components,601755,Computers & Office Equipment
520,830472,Typewriters,830344,Office Equipment,601755,Computers & Office Equipment
521,830600,Clocking-in Machines,830344,Office Equipment,601755,Computers & Office Equipment
522,830728,Paper Shredders,830344,Office Equipment,601755,Computers & Office Equipment
523,830856,Money Counters,830344,Office Equipment,601755,Computers & Office Equipment
524,830984,Printers & Scanners,830344,Office Equipment,601755,Computers & Office Equipment
525,831240,Office Binding Supplies,831112,Office Stationery & Supplies,601755,Computers & Office Equipment
526,831368,Office Cutting Supplies,831112,Office Stationery & Supplies,601755,Computers & Office Equipment
527,831624,School & Office Equipment,831112,Office Stationery & Supplies,601755,Computers & Office Equipment
528,831752,Art Supplies,831112,Office Stationery & Supplies,601755,Computers & Office Equipment
529,831880,Notebooks & Paper,831112,Office Stationery & Supplies,601755,Computers & Office Equipment
530,832008,Letters & Envelopes,831112,Office Stationery & Supplies,601755,Computers & Office Equipment
531,832136,Gifts & Wrapping,831112,Office Stationery & Supplies,601755,Computers & Office Equipment
532,832264,Accounting Supplies,831112,Office Stationery & Supplies,601755,Computers & Office Equipment
533,832392,Storage & Display Supplies,831112,Office Stationery & Supplies,601755,Computers & Office Equipment
534,835720,Sports T-shirts,834568,Sport & Outdoor Clothing,603014,Sports & Outdoor
535,835848,Sports Vests,834568,Sport & Outdoor Clothing,603014,Sports & Outdoor
536,835976,Sports Shorts,834568,Sport & Outdoor Clothing,603014,Sports & Outdoor
537,836104,Sports Leggings,834568,Sport & Outdoor Clothing,603014,Sports & Outdoor
538,836232,Kids' Sports Clothing,834568,Sport & Outdoor Clothing,603014,Sports & Outdoor
539,836360,Training & Gym Shoes,834696,Sports Footwear,603014,Sports & Outdoor
540,836488,Roller Stakes,834696,Sports Footwear,603014,Sports & Outdoor
541,836616,Kids' Sport Shoes,834696,Sports Footwear,603014,Sports & Outdoor
542,836744,Sports Eyewear,834824,Sports & Outdoor Accessories,603014,Sports & Outdoor
543,836872,Sports Socks,834824,Sports & Outdoor Accessories,603014,Sports & Outdoor
544,837000,Stopwatches,834824,Sports & Outdoor Accessories,603014,Sports & Outdoor
545,837128,Rugby,834952,Ball Sports,603014,Sports & Outdoor
546,837256,Swimming,835080,Water Sports,603014,Sports & Outdoor
547,837384,Boating,835080,Water Sports,603014,Sports & Outdoor
548,837512,Snowboarding,835208,Winter Sports,603014,Sports & Outdoor
549,837640,Weight Training,835336,Fitness Equipment,603014,Sports & Outdoor
550,837768,Fitness Machines,835336,Fitness Equipment,603014,Sports & Outdoor
551,837896,Pull Up Bars,835336,Fitness Equipment,603014,Sports & Outdoor
552,838024,Hiking Sticks,835464,Camping & Hiking,603014,Sports & Outdoor
553,838152,Picnic Mats & Baskets,835464,Camping & Hiking,603014,Sports & Outdoor
554,838280,Camping Furniture,835464,Camping & Hiking,603014,Sports & Outdoor
555,838408,Cycling,835592,Leisure & Fitness Sports,603014,Sports & Outdoor
556,840840,Overalls,840712,Men's Suits & Overalls,824328,Menswear & Underwear
557,840968,Costumes & Accessories,840328,Men's Special Clothing,824328,Menswear & Underwear
558,841096,Workwear & Uniforms,840328,Men's Special Clothing,824328,Menswear & Underwear
559,841224,Traditional Dress,840328,Men's Special Clothing,824328,Menswear & Underwear
560,841352,Underwear,840456,Men's Underwear,824328,Menswear & Underwear
561,841480,Vests,840456,Men's Underwear,824328,Menswear & Underwear
562,841608,Thermal Underwear,840456,Men's Underwear,824328,Menswear & Underwear
563,841736,Socks,840456,Men's Underwear,824328,Menswear & Underwear
564,841864,Pyjamas,840584,Men's Sleepwear,824328,Menswear & Underwear
565,841992,Bathrobes & Dressing Gowns,840584,Men's Sleepwear,824328,Menswear & Underwear
566,842120,Nightshirts,840584,Men's Sleepwear,824328,Menswear & Underwear
567,843400,"Vest, Tank & Tube Tops",842248,Women's Tops,601152,Womenswear & Underwear
568,843528,Bodysuits,842248,Women's Tops,601152,Womenswear & Underwear
569,843656,Costumes & Accessories,842632,Women's Special Clothing,601152,Womenswear & Underwear
570,843784,Workwear & Uniforms,842632,Women's Special Clothing,601152,Womenswear & Underwear
571,843912,Traditional Dress,842632,Women's Special Clothing,601152,Womenswear & Underwear
572,844040,Couples' Clothing Sets,842760,Women's Suits & Overalls,601152,Womenswear & Underwear
573,844296,Family Clothing Sets,842760,Women's Suits & Overalls,601152,Womenswear & Underwear
574,844552,Tights,842888,Women's Underwear,601152,Womenswear & Underwear
575,844680,Thermal Underwear,842888,Women's Underwear,601152,Womenswear & Underwear
576,844936,Bra Accessories,842888,Women's Underwear,601152,Womenswear & Underwear
577,845192,Lingerie,842888,Women's Underwear,601152,Womenswear & Underwear
578,845448,Socks,842888,Women's Underwear,601152,Womenswear & Underwear
579,845576,Bralettes,842888,Women's Underwear,601152,Womenswear & Underwear
580,845704,Underwear Sets,842888,Women's Underwear,601152,Womenswear & Underwear
581,845832,Pyjamas,843016,Women's Sleepwear,601152,Womenswear & Underwear
582,845960,Bathrobes & Dressing Gowns,843016,Women's Sleepwear,601152,Womenswear & Underwear
583,846088,Nightdresses,843016,Women's Sleepwear,601152,Womenswear & Underwear
584,846216,Batik,843144,Dressmaking Fabrics,601152,Womenswear & Underwear
585,846344,Lace,843144,Dressmaking Fabrics,601152,Womenswear & Underwear
586,846472,Cotton,843144,Dressmaking Fabrics,601152,Womenswear & Underwear
587,846600,Wool,843144,Dressmaking Fabrics,601152,Womenswear & Underwear
588,846728,"Velvet, Silk & Satin",843144,Dressmaking Fabrics,601152,Womenswear & Underwear
589,846856,Leather,843144,Dressmaking Fabrics,601152,Womenswear & Underwear
590,846984,Polyester,843144,Dressmaking Fabrics,601152,Womenswear & Underwear
591,847112,Denim,843144,Dressmaking Fabrics,601152,Womenswear & Underwear
592,847240,Canvas,843144,Dressmaking Fabrics,601152,Womenswear & Underwear
593,847368,Kain Pasang,843144,Dressmaking Fabrics,601152,Womenswear & Underwear
594,847496,Songket,843144,Dressmaking Fabrics,601152,Womenswear & Underwear
595,847624,Toasters,844168,Kitchen Appliances,600942,Household Appliances
596,847752,Rice & Pressure Cookers,844168,Kitchen Appliances,600942,Household Appliances
597,847880,Egg Boilers,844168,Kitchen Appliances,600942,Household Appliances
598,848008,Vacuum Sealers,844168,Kitchen Appliances,600942,Household Appliances
599,848136,Microwaves,844168,Kitchen Appliances,600942,Household Appliances
600,848264,Countertop Ovens,844168,Kitchen Appliances,600942,Household Appliances
601,848392,Electric Kettles,844168,Kitchen Appliances,600942,Household Appliances
602,848520,Juicers & Blenders ,844168,Kitchen Appliances,600942,Household Appliances
603,849928,Air Conditioner,845064,Large Home Appliances,600942,Household Appliances
604,850056,Water Heaters,845064,Large Home Appliances,600942,Household Appliances
605,850184,Washing Machines & Dryers,845064,Large Home Appliances,600942,Household Appliances
606,850312,Fridges & Freezers,845064,Large Home Appliances,600942,Household Appliances
607,850440,Range Hoods,845064,Large Home Appliances,600942,Household Appliances
608,850568,"Ovens, Ranges & Hobs",845064,Large Home Appliances,600942,Household Appliances
609,850696,Dishwashers,845064,Large Home Appliances,600942,Household Appliances
610,850824,Large Appliance Parts,845064,Large Home Appliances,600942,Household Appliances
611,850952,Laundry Equipment,845320,Commercial Appliances,600942,Household Appliances
612,851080,Cleaning Equipment,845320,Commercial Appliances,600942,Household Appliances
613,851208,Commercial Stoves,845320,Commercial Appliances,600942,Household Appliances
614,851336,Fan & Exhaust Equipment,845320,Commercial Appliances,600942,Household Appliances
615,851464,Refrigeration Equipment,845320,Commercial Appliances,600942,Household Appliances
616,851592,Food Processing Equipment,845320,Commercial Appliances,600942,Household Appliances
617,851720,Commercial Appliance Parts,845320,Commercial Appliances,600942,Household Appliances
618,852744,Storage Bags,851848,Home Organizers,600001,Home Supplies
619,852872,Storage Holders & Racks,851848,Home Organizers,600001,Home Supplies
620,853000,Storage Bottles & Jars,851848,Home Organizers,600001,Home Supplies
621,853128,Hooks & Rails,851848,Home Organizers,600001,Home Supplies
622,853256,Bathroom Gadgets,851976,Bathroom Supplies,600001,Home Supplies
623,853384,Bathroom Accessory Sets,851976,Bathroom Supplies,600001,Home Supplies
624,853512,Bathing Accessories,851976,Bathroom Supplies,600001,Home Supplies
625,853640,Bath Mats,851976,Bathroom Supplies,600001,Home Supplies
626,853768,Shower Caps,851976,Bathroom Supplies,600001,Home Supplies
627,853896,Tapestries,852104,Home Decor,600001,Home Supplies
628,854024,Hanging DÃ©cor,852104,Home Decor,600001,Home Supplies
629,854152,Candles,852104,Home Decor,600001,Home Supplies
630,854280,Candle Holders,852104,Home Decor,600001,Home Supplies
631,854408,Mirrors,852104,Home Decor,600001,Home Supplies
632,854536,Fridge Magnets,852104,Home Decor,600001,Home Supplies
633,854664,Fengshui Ornaments,852104,Home Decor,600001,Home Supplies
634,854792,Religious Decorations,852104,Home Decor,600001,Home Supplies
635,854920,Buckets,852232,Household Cleaning,600001,Home Supplies
636,855048,Scouring Pads,852232,Household Cleaning,600001,Home Supplies
637,855176,Laundry Balls & Discs,852360,Laundry Products,600001,Home Supplies
638,855304,Washboards,852360,Laundry Products,600001,Home Supplies
639,855432,Backdrops & Banners,852488,Festive & Party Supplies,600001,Home Supplies
640,855560,Cards,852488,Festive & Party Supplies,600001,Home Supplies
641,855688,Disposable Tableware,852488,Festive & Party Supplies,600001,Home Supplies
642,855816,"Hats, Masks & Props",852488,Festive & Party Supplies,600001,Home Supplies
643,855944,Party Bags & Gifts,852488,Festive & Party Supplies,600001,Home Supplies
644,856072,Cake Decorations,852488,Festive & Party Supplies,600001,Home Supplies
645,856200,Hot Water Bottles,852616,Miscellaneous Home,600001,Home Supplies
646,856328,Ice Packs,852616,Miscellaneous Home,600001,Home Supplies
647,856456,Lighter Accessories,852616,Miscellaneous Home,600001,Home Supplies
648,860424,Coffee Filters,858504,Tea & Coffeeware,600024,Kitchenware
649,860680,Manual Coffee Grinders,858504,Tea & Coffeeware,600024,Kitchenware
650,860808,Teapots,858504,Tea & Coffeeware,600024,Kitchenware
651,860936,Tea Sets,858504,Tea & Coffeeware,600024,Kitchenware
652,861064,Tea-Making Tools,858504,Tea & Coffeeware,600024,Kitchenware
653,861192,Knife Sharpeners,858632,Kitchen Knives,600024,Kitchenware
654,861320,Knife Blocks & Storage,858632,Kitchen Knives,600024,Kitchenware
655,861448,Dolls,859656,Dolls & Stuffed Toys,604206,Toys & Musical Instruments
656,861576,Kitchen Scissors,858632,Kitchen Knives,600024,Kitchenware
657,861704,Doll Houses & Playsets ,859656,Dolls & Stuffed Toys,604206,Toys & Musical Instruments
658,861832,Kitchen Knife Sets,858632,Kitchen Knives,600024,Kitchenware
659,862216,Barbecues,858760,Barbecue,600024,Kitchenware
660,862344,Barbecue Utensils,858760,Barbecue,600024,Kitchenware
661,862472,Arts & Crafts,859784,Educational Toys,604206,Toys & Musical Instruments
662,862600,Baking Sets,859016,Bakeware,600024,Kitchenware
663,862728,Maths Toys,859784,Educational Toys,604206,Toys & Musical Instruments
664,862856,Oven Mitts,859016,Bakeware,600024,Kitchenware
665,862984,Science & Technology Toys,859784,Educational Toys,604206,Toys & Musical Instruments
666,863112,Baking Trays,859016,Bakeware,600024,Kitchenware
667,863240,Shape Sorters,859784,Educational Toys,604206,Toys & Musical Instruments
668,863368,Decorating Tools,859016,Bakeware,600024,Kitchenware
669,863624,Cookware Sets,859144,Cookware,600024,Kitchenware
670,863752,Musical Toys,859784,Educational Toys,604206,Toys & Musical Instruments
671,863880,Pans & Woks,859144,Cookware,600024,Kitchenware
672,864008,Steamers,859144,Cookware,600024,Kitchenware
673,864136,Toy Tablets & Computers,859784,Educational Toys,604206,Toys & Musical Instruments
674,864264,Pressure Cookers,859144,Cookware,600024,Kitchenware
675,864392,Disposable Cookware,859144,Cookware,600024,Kitchenware
676,864520,Ride-ons Toys,859912,Sports & Outdoor Play,604206,Toys & Musical Instruments
677,864648,Napkins,859272,Cutlery & Tableware,600024,Kitchenware
678,864776,Inflatables & Slides,859912,Sports & Outdoor Play,604206,Toys & Musical Instruments
679,864904,Kettles & Jugs,859400,Drinkware,600024,Kitchenware
680,865032,Hip Flasks,859400,Drinkware,600024,Kitchenware
681,865160,Play Tents & Tunnels,859912,Sports & Outdoor Play,604206,Toys & Musical Instruments
682,865288,Seasoning Utensils,859528,Kitchen Utensils & Gadgets,600024,Kitchenware
683,865416,"Pool, Water & Sand Toys",859912,Sports & Outdoor Play,604206,Toys & Musical Instruments
684,865544,Kitchen Thermometers,859528,Kitchen Utensils & Gadgets,600024,Kitchenware
685,865800,Pasta & Pizza Utensils,859528,Kitchen Utensils & Gadgets,600024,Kitchenware
686,865928,Ice Cream Utensils,859528,Kitchen Utensils & Gadgets,600024,Kitchenware
687,866056,Sports Toys,859912,Sports & Outdoor Play,604206,Toys & Musical Instruments
688,866184,Egg Utensils,859528,Kitchen Utensils & Gadgets,600024,Kitchenware
689,866312,Flying Toys,859912,Sports & Outdoor Play,604206,Toys & Musical Instruments
690,866440,Seafood Utensils,859528,Kitchen Utensils & Gadgets,600024,Kitchenware
691,866568,Drinking Utensils,859528,Kitchen Utensils & Gadgets,600024,Kitchenware
692,866696,Kites & Wind Spinners,859912,Sports & Outdoor Play,604206,Toys & Musical Instruments
693,866824,Openers,859528,Kitchen Utensils & Gadgets,600024,Kitchenware
694,866952,Oil Dispensers,859528,Kitchen Utensils & Gadgets,600024,Kitchenware
695,867080,Airplanes & Helicopters,860040,Electric & Remote Control Toys,604206,Toys & Musical Instruments
696,867208,Peelers & Cutters,859528,Kitchen Utensils & Gadgets,600024,Kitchenware
697,867336,Motorcycles,860040,Electric & Remote Control Toys,604206,Toys & Musical Instruments
698,867464,Boats & Submarines,860040,Electric & Remote Control Toys,604206,Toys & Musical Instruments
699,867592,"Cars, Lorries & Trains",860040,Electric & Remote Control Toys,604206,Toys & Musical Instruments
700,867720,Animals,860040,Electric & Remote Control Toys,604206,Toys & Musical Instruments
701,867848,Tanks,860040,Electric & Remote Control Toys,604206,Toys & Musical Instruments
702,867976,Robots ,860040,Electric & Remote Control Toys,604206,Toys & Musical Instruments
703,868104,Electric Toy Accessories,860040,Electric & Remote Control Toys,604206,Toys & Musical Instruments
704,868232,Magic Cubes,860168,Games & Puzzles,604206,Toys & Musical Instruments
705,868360,Puzzles,860168,Games & Puzzles,604206,Toys & Musical Instruments
706,868488,Dice,860168,Games & Puzzles,604206,Toys & Musical Instruments
707,868616,Board Games,860168,Games & Puzzles,604206,Toys & Musical Instruments
708,868744,Card Games,860168,Games & Puzzles,604206,Toys & Musical Instruments
709,868872,Magic Acrobatics Equipment,860168,Games & Puzzles,604206,Toys & Musical Instruments
710,869000,Pretend Play,860296,Classic & Novelty Toys,604206,Toys & Musical Instruments
711,869128,Novelty & Gag Toys,860296,Classic & Novelty Toys,604206,Toys & Musical Instruments
712,869256,Action & Toy Figures,860296,Classic & Novelty Toys,604206,Toys & Musical Instruments
713,869512,Building Toys,860296,Classic & Novelty Toys,604206,Toys & Musical Instruments
714,869640,Stress Relief Toys,860296,Classic & Novelty Toys,604206,Toys & Musical Instruments
715,869768,Yo-yos ,860296,Classic & Novelty Toys,604206,Toys & Musical Instruments
716,869896,Capsule Toys,860296,Classic & Novelty Toys,604206,Toys & Musical Instruments
717,870024,Spinning Tops,860296,Classic & Novelty Toys,604206,Toys & Musical Instruments
718,870152,Keyboards & Pianos,860552,Musical Instruments,604206,Toys & Musical Instruments
719,870280,Percussion Instruments,860552,Musical Instruments,604206,Toys & Musical Instruments
720,870408,Wind Instruments,860552,Musical Instruments,604206,Toys & Musical Instruments
721,870536,Ukuleles,860552,Musical Instruments,604206,Toys & Musical Instruments
722,870664,Guitars & Bass Guitars,860552,Musical Instruments,604206,Toys & Musical Instruments
723,870792,Music Accessories,860552,Musical Instruments,604206,Toys & Musical Instruments
724,870920,Electronic Synthesizer,860552,Musical Instruments,604206,Toys & Musical Instruments
725,873480,Acne Treatments,848776,Skincare,601450,Beauty & Personal Care
726,873608,Body Masks,849160,Bath & Body Care,601450,Beauty & Personal Care
727,873736,Body & Massage Oil,849160,Bath & Body Care,601450,Beauty & Personal Care
728,873864,Sunscreen & Sun Care,849160,Bath & Body Care,601450,Beauty & Personal Care
729,873992,Electric Shavers,849416,Personal Care Appliances,601450,Beauty & Personal Care
730,874120,Electric Toothbrushes,849416,Personal Care Appliances,601450,Beauty & Personal Care
731,874248,Oral Irrigators,849416,Personal Care Appliances,601450,Beauty & Personal Care
732,874376,Hair Dryers,849416,Personal Care Appliances,601450,Beauty & Personal Care
733,874504,Curlers & Straighteners,849416,Personal Care Appliances,601450,Beauty & Personal Care
734,874632,Hair Trimmers & Clippers,849416,Personal Care Appliances,601450,Beauty & Personal Care
735,875016,Earwax Removal Products,849544,Eye & Ear Care,601450,Beauty & Personal Care
736,875144,Ear Plugs,849544,Eye & Ear Care,601450,Beauty & Personal Care
737,875272,Denture Care,849672,Nasal & Oral Care,601450,Beauty & Personal Care
738,875400,Nasal Cleaning,849672,Nasal & Oral Care,601450,Beauty & Personal Care
739,875528,Tampons,849800,Feminine Care ,601450,Beauty & Personal Care
740,875784,Menstrual Cups,849800,Feminine Care ,601450,Beauty & Personal Care
741,875912,Tables & Desks,871048,Indoor Furniture,604453,Furniture
742,876040,Chairs,871048,Indoor Furniture,604453,Furniture
743,876168,Stools & Benches,871048,Indoor Furniture,604453,Furniture
744,876296,Beds,871048,Indoor Furniture,604453,Furniture
745,876424,Mattresses,871048,Indoor Furniture,604453,Furniture
746,876680,Cupboards & Cabinets,871048,Indoor Furniture,604453,Furniture
747,876936,Wardrobes,871048,Indoor Furniture,604453,Furniture
748,877064,Indoor Furniture Sets,871048,Indoor Furniture,604453,Furniture
749,877192,TV Stands & Bedside Tables,871048,Indoor Furniture,604453,Furniture
750,877448,Outdoor Sofas,871176,Outdoor Furniture,604453,Furniture
751,877704,Outdoor Chairs,871176,Outdoor Furniture,604453,Furniture
752,877960,Patio Umbrellas ,871176,Outdoor Furniture,604453,Furniture
753,878088,Patio Swings,871176,Outdoor Furniture,604453,Furniture
754,878344,Outdoor Furniture Sets,871176,Outdoor Furniture,604453,Furniture
755,878472,Outdoor Tables,871176,Outdoor Furniture,604453,Furniture
756,878728,Stools & Benches,871176,Outdoor Furniture,604453,Furniture
757,878856,Outdoor Shelves,871176,Outdoor Furniture,604453,Furniture
758,879240,Beds,871304,Children's Furniture,604453,Furniture
759,879368,Sofas,871304,Children's Furniture,604453,Furniture
760,879624,Chairs,871304,Children's Furniture,604453,Furniture
761,879752,Stools & Benches,871304,Children's Furniture,604453,Furniture
762,879880,Cabinets,871304,Children's Furniture,604453,Furniture
763,880136,Furniture Sets,871304,Children's Furniture,604453,Furniture
764,880264,Tables & Desks,871304,Children's Furniture,604453,Furniture
765,880392,Wardrobes,871304,Children's Furniture,604453,Furniture
766,880520,Bedside Tables,871304,Children's Furniture,604453,Furniture
767,880648,Mattresses,871304,Children's Furniture,604453,Furniture
768,880904,Salon Furniture,871432,Commercial Furniture,604453,Furniture
769,881032,Hotel Furniture,871432,Commercial Furniture,604453,Furniture
770,881160,School Furniture,871432,Commercial Furniture,604453,Furniture
771,881288,Restaurant Furniture,871432,Commercial Furniture,604453,Furniture
772,881416,Office Furniture,871432,Commercial Furniture,604453,Furniture
773,881544,Electric Drills,871560,Power Tools,604579,Tools & Hardware
774,881672,Electric Screwdrivers,871560,Power Tools,604579,Tools & Hardware
775,881800,Electric Saws,871560,Power Tools,604579,Tools & Hardware
776,881928,Blowers,871560,Power Tools,604579,Tools & Hardware
777,882056,Angle Grinders,871560,Power Tools,604579,Tools & Hardware
778,882184,Polishers,871560,Power Tools,604579,Tools & Hardware
779,882312,Electric Wrenches,871560,Power Tools,604579,Tools & Hardware
780,882440,Nail Guns,871560,Power Tools,604579,Tools & Hardware
781,882568,Spray Guns,871560,Power Tools,604579,Tools & Hardware
782,882696,Heat Guns,871560,Power Tools,604579,Tools & Hardware
783,882824,Glue Guns,871560,Power Tools,604579,Tools & Hardware
784,882952,Power Tool Accessories,871560,Power Tools,604579,Tools & Hardware
785,883080,Power Tool Sets,871560,Power Tools,604579,Tools & Hardware
786,883208,Industrial Tweezers,871688,Hand Tools,604579,Tools & Hardware
787,883336,Hammers,871688,Hand Tools,604579,Tools & Hardware
788,883464,Knives,871688,Hand Tools,604579,Tools & Hardware
789,883592,Pliers,871688,Hand Tools,604579,Tools & Hardware
790,883720,Saws,871688,Hand Tools,604579,Tools & Hardware
791,883848,Scissors,871688,Hand Tools,604579,Tools & Hardware
792,883976,Screwdrivers,871688,Hand Tools,604579,Tools & Hardware
793,884104,Wrenches,871688,Hand Tools,604579,Tools & Hardware
794,884232,Chisels,871688,Hand Tools,604579,Tools & Hardware
795,884360,Axes,871688,Hand Tools,604579,Tools & Hardware
796,884488,Tool Kits,871688,Hand Tools,604579,Tools & Hardware
797,884616,Optical Instruments,871816,Measuring Tools,604579,Tools & Hardware
798,884744,Pressure Measuring Instruments,871816,Measuring Tools,604579,Tools & Hardware
799,884872,Temperature Measuring Instruments,871816,Measuring Tools,604579,Tools & Hardware
800,885000,Hand Measuring Tools,871816,Measuring Tools,604579,Tools & Hardware
801,885128,Physical Measuring Instruments,871816,Measuring Tools,604579,Tools & Hardware
802,885256,Electrical Measuring Instruments,871816,Measuring Tools,604579,Tools & Hardware
803,885384,Grass Trimmers,871944,Garden Tools,604579,Tools & Hardware
804,885512,Leaf Blowers & Vacuums,871944,Garden Tools,604579,Tools & Hardware
805,885640,Spades & Shovels,871944,Garden Tools,604579,Tools & Hardware
806,885768,Pruning Tools,871944,Garden Tools,604579,Tools & Hardware
807,885896,Hoes & Rakes,871944,Garden Tools,604579,Tools & Hardware
808,886024,Forks & Scoops,871944,Garden Tools,604579,Tools & Hardware
809,886152,Garden Gloves,871944,Garden Tools,604579,Tools & Hardware
810,886280,Garden Cleaning Tools,871944,Garden Tools,604579,Tools & Hardware
811,886408,Electric Soldering Irons,872072,Soldering Equipment,604579,Tools & Hardware
812,886536,Soldering Stations,872072,Soldering Equipment,604579,Tools & Hardware
813,886664,Welders,872072,Soldering Equipment,604579,Tools & Hardware
814,886792,Welding Accessories,872072,Soldering Equipment,604579,Tools & Hardware
815,886920,Tool Bags,872200,Tool Organizers,604579,Tools & Hardware
816,887048,Tool Cases & Boxes,872200,Tool Organizers,604579,Tools & Hardware
817,887176,Tool Racks & Bars,872200,Tool Organizers,604579,Tools & Hardware
818,887304,Furniture Hardware,872328,Hardware,604579,Tools & Hardware
819,887432,Window Hardware,872328,Hardware,604579,Tools & Hardware
820,887560,Door Hardware ,872328,Hardware,604579,Tools & Hardware
821,887688,Mechanical Hardware,872328,Hardware,604579,Tools & Hardware
822,887816,Fasteners & Hooks,872328,Hardware,604579,Tools & Hardware
823,887944,"Ropes, Chains & Hooks ",872328,Hardware,604579,Tools & Hardware
824,888072,Locks,872328,Hardware,604579,Tools & Hardware
825,888200,"Adhesives, Tapes & Sealers",872328,Hardware,604579,Tools & Hardware
826,888328,Clamps,872328,Hardware,604579,Tools & Hardware
827,888584,Socks & Tights,877320,Baby Clothing & Shoes,602284,Baby and Maternity
828,888712,Bottoms,877320,Baby Clothing & Shoes,602284,Baby and Maternity
829,888968,Clothing Sets,877320,Baby Clothing & Shoes,602284,Baby and Maternity
830,889096,Dresses,877320,Baby Clothing & Shoes,602284,Baby and Maternity
831,889224,Tops,877320,Baby Clothing & Shoes,602284,Baby and Maternity
832,889352,Outerwear,877320,Baby Clothing & Shoes,602284,Baby and Maternity
833,889480,Sleepwear,877320,Baby Clothing & Shoes,602284,Baby and Maternity
834,889608,Baby Carriers,877576,Baby Travel Essentials,602284,Baby and Maternity
835,889736,Pushchair Accessories,877576,Baby Travel Essentials,602284,Baby and Maternity
836,889864,Baby Vehicle Seats,877576,Baby Travel Essentials,602284,Baby and Maternity
837,889992,Vehicle Seat Accessories,877576,Baby Travel Essentials,602284,Baby and Maternity
838,890120,Nappy Bags,877576,Baby Travel Essentials,602284,Baby and Maternity
839,890248,Child Harnesses & Reins,877576,Baby Travel Essentials,602284,Baby and Maternity
840,890376,Warmers & Sterilizers,877832,Nursing & Feeding,602284,Baby and Maternity
841,890504,Breast Pads,877832,Nursing & Feeding,602284,Baby and Maternity
842,890632,Nursing Covers,877832,Nursing & Feeding,602284,Baby and Maternity
843,890760,Bibs,877832,Nursing & Feeding,602284,Baby and Maternity
844,890888,Dummies,877832,Nursing & Feeding,602284,Baby and Maternity
845,891016,Baby Walkers,878216,Baby Furniture,602284,Baby and Maternity
846,891144,Mosquito Netting,878600,Baby Safety,602284,Baby and Maternity
847,891272,Gates & Doorways,878600,Baby Safety,602284,Baby and Maternity
848,891400,Playgyms & Playmats,878984,Baby Toys,602284,Baby and Maternity
849,891528,Playpens,878984,Baby Toys,602284,Baby and Maternity
850,891656,Bath Toys,878984,Baby Toys,602284,Baby and Maternity
851,891784,Cot Mobiles & Rattles,878984,Baby Toys,602284,Baby and Maternity
852,891912,Teethers,878984,Baby Toys,602284,Baby and Maternity
853,892040,Sorting & Stacking Toys,878984,Baby Toys,602284,Baby and Maternity
854,892168,Baby Baths & Bath Seats,879112,Nappies & Baby Care,602284,Baby and Maternity
855,892296,Towels & Shower Caps,879112,Nappies & Baby Care,602284,Baby and Maternity
856,892424,Baby Bath Supplies,879112,Nappies & Baby Care,602284,Baby and Maternity
857,892552,Fragrances,879112,Nappies & Baby Care,602284,Baby and Maternity
858,892680,Baby Grooming Tools,879112,Nappies & Baby Care,602284,Baby and Maternity
859,892808,Wipes,879112,Nappies & Baby Care,602284,Baby and Maternity
860,892936,Nursing Clothes,880008,Maternity Supplies,602284,Baby and Maternity
861,893064,Maternity Pillows,880008,Maternity Supplies,602284,Baby and Maternity
862,893192,Supporting Belts,880008,Maternity Supplies,602284,Baby and Maternity
863,893320,Maternity Skincare,880008,Maternity Supplies,602284,Baby and Maternity
864,893448,Potties,879112,Nappies & Baby Care,602284,Baby and Maternity
865,893576,Lighting Accessories,872456,Lights & Lighting,604968,Home Improvement
866,893704,"Bulbs, Tubes & Strips",872456,Lights & Lighting,604968,Home Improvement
867,893832,Indoor Lighting,872456,Lights & Lighting,604968,Home Improvement
868,893960,Portable Lighting,872456,Lights & Lighting,604968,Home Improvement
869,894088,Outdoor Lighting,872456,Lights & Lighting,604968,Home Improvement
870,894216,Novelty Lighting,872456,Lights & Lighting,604968,Home Improvement
871,894344,Professional Lighting,872456,Lights & Lighting,604968,Home Improvement
872,894472,Commercial Lighting,872456,Lights & Lighting,604968,Home Improvement
873,894600,Connectors & Terminals,872584,Electrical Equipment & Supplies,604968,Home Improvement
874,894728,Switches & Accessories,872584,Electrical Equipment & Supplies,604968,Home Improvement
875,894856,Relays & Breakers,872584,Electrical Equipment & Supplies,604968,Home Improvement
876,894984,Power Supplies,872584,Electrical Equipment & Supplies,604968,Home Improvement
877,895112,Motors & Generators,872584,Electrical Equipment & Supplies,604968,Home Improvement
878,895240,Electrical Sockets & Accessories,872584,Electrical Equipment & Supplies,604968,Home Improvement
879,895368,Wires & Cables ,872584,Electrical Equipment & Supplies,604968,Home Improvement
880,895496,Transformers,872584,Electrical Equipment & Supplies,604968,Home Improvement
881,895624,Kitchen Taps,872712,Kitchen Fixtures,604968,Home Improvement
882,895752,Kitchen Sinks,872712,Kitchen Fixtures,604968,Home Improvement
883,895880,Kitchen Cabinets,872712,Kitchen Fixtures,604968,Home Improvement
884,896008,Water Filtration Devices,872712,Kitchen Fixtures,604968,Home Improvement
885,896136,Kitchen Fixture Accessories,872712,Kitchen Fixtures,604968,Home Improvement
886,896264,Kitchen Fixture Sets,872712,Kitchen Fixtures,604968,Home Improvement
887,896392,Smart Home Controls,872840,Smart Home Systems,604968,Home Improvement
888,896520,Temperature Control Systems,872840,Smart Home Systems,604968,Home Improvement
889,896648,Automatic Curtain Control Systems,872840,Smart Home Systems,604968,Home Improvement
890,896776,Smart Motion Sensors,872840,Smart Home Systems,604968,Home Improvement
891,896904,"Heating, Cooling & Ventilation",872968,Building Supplies,604968,Home Improvement
892,897032,"Doors, Gates & Windows",872968,Building Supplies,604968,Home Improvement
893,897160,Wallpaper,872968,Building Supplies,604968,Home Improvement
894,897288,Painting Supplies,872968,Building Supplies,604968,Home Improvement
895,897544,Ladders,872968,Building Supplies,604968,Home Improvement
896,897672,Trollies,872968,Building Supplies,604968,Home Improvement
897,897800,Shower Equipment,873096,Bathroom Fixtures,604968,Home Improvement
898,897928,Hooks & Bars,873096,Bathroom Fixtures,604968,Home Improvement
899,898056,Bathroom Sinks,873096,Bathroom Fixtures,604968,Home Improvement
900,898184,Bathroom Taps,873096,Bathroom Fixtures,604968,Home Improvement
901,898312,Bidets & Bidet Parts,873096,Bathroom Fixtures,604968,Home Improvement
902,898440,Toilets & Toilet Parts,873096,Bathroom Fixtures,604968,Home Improvement
903,898568,Bathroom Mirrors,873096,Bathroom Fixtures,604968,Home Improvement
904,898696,Bathroom Fixture Accessories,873096,Bathroom Fixtures,604968,Home Improvement
905,898824,Bathroom Fixture Sets,873096,Bathroom Fixtures,604968,Home Improvement
906,898952,Security Alarms,873224,Security & Safety,604968,Home Improvement
907,899080,Doorbells & Intercoms,873224,Security & Safety,604968,Home Improvement
908,899336,Safes,873224,Security & Safety,604968,Home Improvement
909,899464,Emergency Kits,873224,Security & Safety,604968,Home Improvement
910,899592,Beekeeping Supplies,873352,Garden Supplies,604968,Home Improvement
911,899720,Plant Care Tools,873352,Garden Supplies,604968,Home Improvement
912,899976,Garden DÃ©cor,873352,Garden Supplies,604968,Home Improvement
913,900104,Watering & Irrigation,873352,Garden Supplies,604968,Home Improvement
914,900232,Garden Pots & Planters,873352,Garden Supplies,604968,Home Improvement
915,900872,Trainers,900488,Women's Shoes,601352,Shoes
916,901000,Flats,900488,Women's Shoes,601352,Shoes
917,901128,Sandals & Flip Flops,900488,Women's Shoes,601352,Shoes
918,901256,Slip-Ons,900488,Women's Shoes,601352,Shoes
919,901384,Mules & Clogs,900488,Women's Shoes,601352,Shoes
920,901512,Flat Shoes,900616,Men's Shoes,601352,Shoes
921,901640,Formal Shoes,900616,Men's Shoes,601352,Shoes
922,901768,Slip-Ons,900616,Men's Shoes,601352,Shoes
923,901896,Mules & Clogs,900616,Men's Shoes,601352,Shoes
924,902024,Shoe Horns & Trees,900744,Shoe Accessories,601352,Shoes
925,902152,Shoelaces,900744,Shoe Accessories,601352,Shoes
926,902280,Cleaning & Care,900744,Shoe Accessories,601352,Shoes
927,903048,Bum Bags & Belt Bags,902408,Women's Bags,824584,Luggage & Bags
928,903176,Tote Bags,902408,Women's Bags,824584,Luggage & Bags
929,903304,Tote Bags,902536,Men's Bags,824584,Luggage & Bags
930,903432,Briefcases,902536,Men's Bags,824584,Luggage & Bags
931,903560,Bum Bags & Belt Bags,902536,Men's Bags,824584,Luggage & Bags
932,903688,Luggage,902664,Luggage & Travel Bags,824584,Luggage & Bags
933,903816,Travel Organizers,902664,Luggage & Travel Bags,824584,Luggage & Bags
934,903944,Passport Holders & Covers,902664,Luggage & Travel Bags,824584,Luggage & Bags
935,904072,Instrument Bags & Cases,902792,Functional Bags,824584,Luggage & Bags
936,904200,Lunch Bags,902792,Functional Bags,824584,Luggage & Bags
937,904328,Cooler Bags,902792,Functional Bags,824584,Luggage & Bags
938,904456,Shopping Bags,902792,Functional Bags,824584,Luggage & Bags
939,904584,Bag Straps & Chains,902920,Bag Accessories,824584,Luggage & Bags
940,904712,Bag Hangers,902920,Bag Accessories,824584,Luggage & Bags
941,904840,Charms & Twillies,902920,Bag Accessories,824584,Luggage & Bags
942,904968,Bag Organizers,902920,Bag Accessories,824584,Luggage & Bags
943,905096,Cleaning & Care,902920,Bag Accessories,824584,Luggage & Bags
944,905992,Scarves & Shawls,905224,Clothes Accessories,605248,Fashion Accessories
945,906120,Gloves,905224,Clothes Accessories,605248,Fashion Accessories
946,906248,Headwear,905224,Clothes Accessories,605248,Fashion Accessories
947,906376,Belts,905224,Clothes Accessories,605248,Fashion Accessories
948,906504,Ties & Bowties,905224,Clothes Accessories,605248,Fashion Accessories
949,906632,Handkerchiefs,905224,Clothes Accessories,605248,Fashion Accessories
950,906760,Face Covering Masks,905224,Clothes Accessories,605248,Fashion Accessories
951,906888,Cufflinks,905224,Clothes Accessories,605248,Fashion Accessories
952,907016,Glasses Cases & Accessories,905352,Eyewear,605248,Fashion Accessories
953,907144,Unisex Watches,905480,Watches & Accessories,605248,Fashion Accessories
954,907400,Charms & Pendants,905608,Jewellery & Accessories,605248,Fashion Accessories
955,907528,Body Jewellery,905608,Jewellery & Accessories,605248,Fashion Accessories
956,907656,Key Chains,905608,Jewellery & Accessories,605248,Fashion Accessories
957,907784,Jewellery Sets,905608,Jewellery & Accessories,605248,Fashion Accessories
958,908424,Hair Bands & Scrunchies,905864,Hair Accessories,605248,Fashion Accessories
959,908552,Hair Clips & Hair Pins,905864,Hair Accessories,605248,Fashion Accessories
960,908808,Synthetic Wigs & Extensions,905864,Hair Accessories,605248,Fashion Accessories
961,908936,Headpieces & Crowns,905864,Hair Accessories,605248,Fashion Accessories
962,909832,Mobile Phone Parts,909064,Phones & Accessories,601739,Phones & Electronics
963,909960,Selfie Accessories,909064,Phones & Accessories,601739,Phones & Electronics
964,910088,Mobile Lenses & Flashes,909064,Phones & Accessories,601739,Phones & Electronics
965,910344,Phone Holders & Mounts,909064,Phones & Accessories,601739,Phones & Electronics
966,910472,Casting Devices,909064,Phones & Accessories,601739,Phones & Electronics
967,910600,Walkie Talkies,909064,Phones & Accessories,601739,Phones & Electronics
968,910728,Power Banks & Batteries,909064,Phones & Accessories,601739,Phones & Electronics
969,910856,Point & Shoot Cameras,909192,Cameras & Photography,601739,Phones & Electronics
970,910984,Mirrorless Cameras,909192,Cameras & Photography,601739,Phones & Electronics
971,911112,Action Cameras,909192,Cameras & Photography,601739,Phones & Electronics
972,911240,Video Camcorders,909192,Cameras & Photography,601739,Phones & Electronics
973,911368,Instant Cameras,909192,Cameras & Photography,601739,Phones & Electronics
974,911496,Film Cameras,909192,Cameras & Photography,601739,Phones & Electronics
975,911624,DSLRs,909192,Cameras & Photography,601739,Phones & Electronics
976,911752,Security Cameras & Systems,909192,Cameras & Photography,601739,Phones & Electronics
977,911880,Camera Lenses,909192,Cameras & Photography,601739,Phones & Electronics
978,912008,Drones & Accessories,909192,Cameras & Photography,601739,Phones & Electronics
979,912136,Camera Care ,909192,Cameras & Photography,601739,Phones & Electronics
980,912264,Microphones,909320,Audio & Video,601739,Phones & Electronics
981,912392,Projectors,909320,Audio & Video,601739,Phones & Electronics
982,912520,Home Cinema Systems,909320,Audio & Video,601739,Phones & Electronics
983,912648,MP3 & MP4 Players,909320,Audio & Video,601739,Phones & Electronics
984,912776,CD & DVD Players,909320,Audio & Video,601739,Phones & Electronics
985,912904,Voice Recorders,909320,Audio & Video,601739,Phones & Electronics
986,913032,Radio & Cassette Players,909320,Audio & Video,601739,Phones & Electronics
987,913160,Amplifiers & Mixers,909320,Audio & Video,601739,Phones & Electronics
988,913288,AV Receivers,909320,Audio & Video,601739,Phones & Electronics
989,913416,Audio & Video Accessories,909320,Audio & Video,601739,Phones & Electronics
990,913544,Home Games Consoles,909448, Gaming & Consoles ,601739,Phones & Electronics
991,913672,Handheld Games Consoles,909448, Gaming & Consoles ,601739,Phones & Electronics
992,913928,Console Accessories,909448, Gaming & Consoles ,601739,Phones & Electronics
993,914056,Fitness Trackers,909576,Smart & Wearable Devices,601739,Phones & Electronics
994,914184,GPS Trackers,909576,Smart & Wearable Devices,601739,Phones & Electronics
995,914312,VR Devices,909576,Smart & Wearable Devices,601739,Phones & Electronics
996,914440,E-book Readers,909704,E-book Devices,601739,Phones & Electronics
997,914568,E-dictionaries,909704,E-book Devices,601739,Phones & Electronics
998,929672,Nappies,879112,Nappies & Baby Care,602284,Baby and Maternity
999,930440,Video Surveillance,929928,Car Electronics,605196,Vehicle Supplies
1000,930568,Alarm Systems & Security,929928,Car Electronics,605196,Vehicle Supplies
1001,930952,Car Video Players,929928,Car Electronics,605196,Vehicle Supplies
1002,931208,Car Electrical Appliances,929928,Car Electronics,605196,Vehicle Supplies
1003,931336,Car Audio,929928,Car Electronics,605196,Vehicle Supplies
1004,931464,Side Mirror Folding Kits,930056,Car Exterior Accessories,605196,Vehicle Supplies
1005,931592,Car Covers & Shelters,930056,Car Exterior Accessories,605196,Vehicle Supplies
1006,931720,Car Stickers,930056,Car Exterior Accessories,605196,Vehicle Supplies
1007,931848,Window Tints,930056,Car Exterior Accessories,605196,Vehicle Supplies
1008,931976,Window Films & Solar Protection,930056,Car Exterior Accessories,605196,Vehicle Supplies
1009,932232,Car Tax Disc Holders,930056,Car Exterior Accessories,605196,Vehicle Supplies
1010,932360,Reflective Strips,930056,Car Exterior Accessories,605196,Vehicle Supplies
1011,932488,Neck Pillows,930184,Car Interior Accessories,605196,Vehicle Supplies
1012,932616,Interior Stickers,930184,Car Interior Accessories,605196,Vehicle Supplies
1013,932744,Rear Racks & Accessories,930184,Car Interior Accessories,605196,Vehicle Supplies
1014,932872,Interior Mouldings,930184,Car Interior Accessories,605196,Vehicle Supplies
1015,933000,Car Key Cases,930184,Car Interior Accessories,605196,Vehicle Supplies
1016,933512,Shelves & Racks,871304,Children's Furniture,604453,Furniture
1017,934152,Electric Mops,844808,Home Appliances,600942,Household Appliances
1018,934280,Clothes & Shoe Dryers,844808,Home Appliances,600942,Household Appliances
1019,934408,Electronic Mosquito Killers,844808,Home Appliances,600942,Household Appliances
1020,934536,Coffee Machines & Accessories,844168,Kitchen Appliances,600942,Household Appliances
1021,934664,Bread Makers,844168,Kitchen Appliances,600942,Household Appliances
1022,934792,Mixers,844168,Kitchen Appliances,600942,Household Appliances
1023,934920,Water Filters,844168,Kitchen Appliances,600942,Household Appliances
1024,935048,Water Coolers & Dispensers,844168,Kitchen Appliances,600942,Household Appliances
1025,935176,Food Processors,844168,Kitchen Appliances,600942,Household Appliances
1026,935304,Fryers,844168,Kitchen Appliances,600942,Household Appliances
1027,935432,Kitchen Appliance Parts,844168,Kitchen Appliances,600942,Household Appliances
1028,936328,American Football,834952,Ball Sports,603014,Sports & Outdoor
1029,936584,Cricket,834952,Ball Sports,603014,Sports & Outdoor
1030,936840,Premier League,936712,Fan Shop,603014,Sports & Outdoor
1031,936968,Basketball,936712,Fan Shop,603014,Sports & Outdoor
1032,937096,Cricket,936712,Fan Shop,603014,Sports & Outdoor
1033,937224,Golf,936712,Fan Shop,603014,Sports & Outdoor
1034,937352,Gaming,936712,Fan Shop,603014,Sports & Outdoor
1035,937480,Rugby,936712,Fan Shop,603014,Sports & Outdoor
1036,937608,Tennis,936712,Fan Shop,603014,Sports & Outdoor
1037,937864,Trading Cards,937736,Sports Collectibles,603014,Sports & Outdoor
1038,937992,Jerseys,937736,Sports Collectibles,603014,Sports & Outdoor
1039,938120,Photographs,937736,Sports Collectibles,603014,Sports & Outdoor
1040,938248,Balls,937736,Sports Collectibles,603014,Sports & Outdoor
1041,938376,Trophies,937736,Sports Collectibles,603014,Sports & Outdoor
1042,938504,Figurines,937736,Sports Collectibles,603014,Sports & Outdoor
1043,938632,Gloves,937736,Sports Collectibles,603014,Sports & Outdoor
1044,938760,Hats,937736,Sports Collectibles,603014,Sports & Outdoor
1045,938888,Shoes,937736,Sports Collectibles,603014,Sports & Outdoor
1046,939016,Books,937736,Sports Collectibles,603014,Sports & Outdoor
1047,939144,Golf Clubs,937736,Sports Collectibles,603014,Sports & Outdoor
1048,939272,Flags & Banners,937736,Sports Collectibles,603014,Sports & Outdoor
1049,939400,Prints & Posters,937736,Sports Collectibles,603014,Sports & Outdoor
1050,939528,Magazines,937736,Sports Collectibles,603014,Sports & Outdoor
1051,939784,Resistance Bands,835336,Fitness Equipment,603014,Sports & Outdoor
1052,939912,Roller Skating,835336,Fitness Equipment,603014,Sports & Outdoor
1053,940040,Scooters & Ride-ons,835336,Fitness Equipment,603014,Sports & Outdoor
1054,940168,Sports Water Bottles,834824,Sports & Outdoor Accessories,603014,Sports & Outdoor
1055,941064,Code Readers & Scanners,940296,Car Repair Tools,605196,Vehicle Supplies
1056,941192,Diagnostic Tools,940296,Car Repair Tools,605196,Vehicle Supplies
1057,941320,Sheet Metal Tools,940296,Car Repair Tools,605196,Vehicle Supplies
1058,941448,Car Battery Repair Tools,940296,Car Repair Tools,605196,Vehicle Supplies
1059,941576,Car Inspection Tools,940296,Car Repair Tools,605196,Vehicle Supplies
1060,941704,Engine & Transmission Repair Tools,940296,Car Repair Tools,605196,Vehicle Supplies
1061,941832,Tyre Repair & Fitting Tools,940296,Car Repair Tools,605196,Vehicle Supplies
1062,941960,Assembly & Disassembly Tools,940296,Car Repair Tools,605196,Vehicle Supplies
1063,942088,Car Body Repair Tools,940296,Car Repair Tools,605196,Vehicle Supplies
1064,942216,Decorative Lights,940424,Car Lights,605196,Vehicle Supplies
1065,944264,Transportation & Storage,940680,"Quads, Motorhomes & Boats",605196,Vehicle Supplies
1066,944648,Polishing Machines & Accessories,940808,Car Washing & Maintenance,605196,Vehicle Supplies
1067,944776,Paint & Window Repair Tools,940808,Car Washing & Maintenance,605196,Vehicle Supplies
1068,944904,Interior Care,940808,Car Washing & Maintenance,605196,Vehicle Supplies
1069,945032,Car Wash Accessories,940808,Car Washing & Maintenance,605196,Vehicle Supplies
1070,945160,Water Guns & Snow Foam Lances,940808,Car Washing & Maintenance,605196,Vehicle Supplies
1071,945288,Cleaning & Care Fluids,940808,Car Washing & Maintenance,605196,Vehicle Supplies
1072,945416,Window Repair,940808,Car Washing & Maintenance,605196,Vehicle Supplies
1073,945544,Paint Care,940808,Car Washing & Maintenance,605196,Vehicle Supplies
1074,945672,Engine Care,940808,Car Washing & Maintenance,605196,Vehicle Supplies
1075,945800,Car Washers,940808,Car Washing & Maintenance,605196,Vehicle Supplies
1076,946312,Protective Gear,940936,Motorcycle Accessories & Parts,605196,Vehicle Supplies
